<?xml version="1.0" encoding="utf-8"?>
<eml:eml xmlns:eml="eml://ecoinformatics.org/eml-2.1.1" xmlns:xsi="http://www.w3.org/2001/XMLSchema-instance"
         xsi:schemaLocation="eml://ecoinformatics.org/eml-2.1.1 http://rs.gbif.org/schema/eml-gbif-profile/1.1/eml.xsd"
        packageId="3c59bd42-7bfd-421b-8da4-275780390e4c"  system="http://gbif.org" scope="system"
  xml:lang="en">

<dataset>
      <alternateIdentifier>10.15468/abe1lg</alternateIdentifier>
        <alternateIdentifier>https://swbiodiversity.org/seinet/collections/misc/collprofiles.php?collid=5</alternateIdentifier>
        <alternateIdentifier>http://swbiodiversity.org/seinet/collections/misc/collprofiles.php?collid=5</alternateIdentifier>
    <title>Desert Botanical Garden Herbarium</title>
    <creator>
<organizationName>SEINet Portal Network</organizationName><electronicMailAddress>seinetadmin@asu.edu</electronicMailAddress><onlineUrl>https://swbiodiversity.org/seinet/index.php</onlineUrl>    </creator>
    <metadataProvider>
<organizationName>SEINet Portal Network</organizationName><electronicMailAddress>seinetadmin@asu.edu</electronicMailAddress><onlineUrl>https://swbiodiversity.org/seinet/index.php</onlineUrl>    </metadataProvider>
    <associatedParty>
    <individualName>
          <surName>Andrew Salywon</surName>
    </individualName>
<electronicMailAddress>asalywon@dbg.org</electronicMailAddress>    <role>CONTENT_PROVIDER</role>
    </associatedParty>
      <pubDate>
      2021-04-05
      </pubDate>
    <language>ENGLISH</language>
    <abstract>
        <para>Over 93000 specimens in collection, with emphasis on plants of the Southwest and northern Mexico, Cactaceae and Agavaceae. &lt;div&gt;&lt;b&gt;Curator:&lt;/b&gt; Andrew Salywon &lt;/div&gt; &lt;div&gt;&lt;b&gt;Curator Emerita:&lt;/b&gt; Wendy C. Hodgson (whodgson[at]dbg.org) &lt;/div&gt; &lt;b&gt;Collections Manager:&lt;/b&gt; Sarah Hunkins (shunkins[at]dbg.org)</para>
    </abstract>
      <intellectualRights>
        <para>This work is licensed under a <ulink url="http://creativecommons.org/licenses/by/4.0/legalcode"><citetitle>Creative Commons Attribution (CC-BY) 4.0 License</citetitle></ulink>.</para>
      </intellectualRights>
      <contact>
<organizationName>Desert Botanical Garden Herbarium</organizationName><phone>480-481-8107</phone><electronicMailAddress>asalywon@dbg.org</electronicMailAddress><onlineUrl>http://www.dbg.org/</onlineUrl>      </contact>

</dataset>

<additionalMetadata>
    <metadata>
      <gbif>
        <dateStamp>2021-07-19T20:27:21Z</dateStamp>
      <citation>Desert Botanical Garden Herbarium (2021). Desert Botanical Garden Herbarium. Occurrence dataset https://doi.org/10.15468/abe1lg accessed via GBIF.org on 2021-07-19.</citation>
      </gbif>
    </metadata>
</additionalMetadata>

</eml:eml>
