<?xml version="1.0" encoding="utf-8"?>
<eml:eml xmlns:eml="eml://ecoinformatics.org/eml-2.1.1" xmlns:xsi="http://www.w3.org/2001/XMLSchema-instance"
         xsi:schemaLocation="eml://ecoinformatics.org/eml-2.1.1 http://rs.gbif.org/schema/eml-gbif-profile/1.1/eml.xsd"
        packageId="62cccd4d-eafc-4287-a070-5701aa6ef4a2"  system="http://gbif.org" scope="system"
  xml:lang="en">

<dataset>
      <alternateIdentifier>10.15468/qpxmw0</alternateIdentifier>
        <alternateIdentifier>https://www.cch2.org/portal/collections/misc/collprofiles.php?collid=35</alternateIdentifier>
        <alternateIdentifier>https://cch2.org/portal/collections/misc/collprofiles.php?collid=35</alternateIdentifier>
        <alternateIdentifier>http://www.cch2.org/portal/collections/misc/collprofiles.php?collid=35</alternateIdentifier>
        <alternateIdentifier>http://cch2.org/portal/collections/misc/collprofiles.php?collid=35</alternateIdentifier>
        <alternateIdentifier>http://www.portal.capturingcaliforniasflowers.org/portal/collections/misc/collprofiles.php?collid=35</alternateIdentifier>
    <title>UCSB - University of California Santa Barbara Herbarium</title>
    <creator>
<organizationName>CCH2 Portal</organizationName><electronicMailAddress>jyost@calpoly.edu</electronicMailAddress><onlineUrl>https://cch2.org/portal/index.php</onlineUrl>    </creator>
    <metadataProvider>
<organizationName>CCH2 Portal</organizationName><electronicMailAddress>jyost@calpoly.edu</electronicMailAddress><onlineUrl>https://cch2.org/portal/index.php</onlineUrl>    </metadataProvider>
    <associatedParty>
    <individualName>
          <surName>Greg Wahlert</surName>
    </individualName>
<electronicMailAddress>wahlert@ccber.ucsb.edu</electronicMailAddress>    <role>CONTENT_PROVIDER</role>
    </associatedParty>
      <pubDate>
      2021-07-01
      </pubDate>
    <language>ENGLISH</language>
    <abstract>
        <para>The University of California, Santa Barbara (UCSB) Herbarium has approximately 120,000 herbarium specimens of vascular plants, lichens, bryophytes, and marine macroalgae. The herbarium is housed at the Cheadle Center for Biodiversity and Ecological Restoration on the campus of UCSB. The vascular plant collection consist mainly of specimens from Santa Barbara County, including the northern Channel Islands, with additional collections from San Luis Obispo, Kern, and Ventura Counties, the southern Sierra Nevada region, southern California, and northern Mexico. Special collections include the J. R. Haller pine collection (5,000 specimens), with emphasis on population-level sampling of many western North American pine species, and the Cornelius H. Muller oak collection, with ca. 7,000 specimens from the USA and Mexico. Also conserved in the herbarium are ca. 69,000 slide preparations and spirit collections of Vernon I. Cheadle and Katherine Esau. There are 43 type specimens of plants and marine macroalgae. Incorporated collections include the Santa Rosa Island Reserve (SCIR) herbarium (1,500) and the marine macroalgae of the Santa Barbara Museum of Natural History (1,035), which contains some of the earliest collections of California seaweeds. Greg Wahlert is the current collections manager. Taxonomy and nomenclature follow the second edition of the Jepson Manual (Baldwin et al., 2012). Financial assistance with digitization efforts is provided in part by the UCSB Coastal Fund.</para>
    </abstract>
      <intellectualRights>
        <para>To the extent possible under law, the publisher has waived all rights to these data and has dedicated them to the <ulink url="http://creativecommons.org/publicdomain/zero/1.0/legalcode"><citetitle>Public Domain (CC0 1.0)</citetitle></ulink>. Users may copy, modify, distribute and use the work, including for commercial purposes, without restriction.</para>
      </intellectualRights>
      <contact>
<organizationName>UCSB - University of California Santa Barbara Herbarium</organizationName><phone>(805) 893-2401</phone><electronicMailAddress>wahlert@ccber.ucsb.edu</electronicMailAddress><onlineUrl>https://ccber.ucsb.edu</onlineUrl>      </contact>

</dataset>

<additionalMetadata>
    <metadata>
      <gbif>
        <dateStamp>2021-07-19T20:27:26Z</dateStamp>
      <citation>Cheadle Center for Biodiversity and Ecological Restoration (2021). UCSB - University of California Santa Barbara Herbarium. Occurrence dataset https://doi.org/10.15468/qpxmw0 accessed via GBIF.org on 2021-07-19.</citation>
      </gbif>
    </metadata>
</additionalMetadata>

</eml:eml>
