<?xml version="1.0" encoding="utf-8"?>
<eml:eml xmlns:eml="eml://ecoinformatics.org/eml-2.1.1" xmlns:xsi="http://www.w3.org/2001/XMLSchema-instance"
         xsi:schemaLocation="eml://ecoinformatics.org/eml-2.1.1 http://rs.gbif.org/schema/eml-gbif-profile/1.1/eml.xsd"
        packageId="7a0fb075-53c5-470b-a1c9-579bb3147ddf"  system="http://gbif.org" scope="system"
  xml:lang="en">

<dataset>
      <alternateIdentifier>10.15468/uavt0t</alternateIdentifier>
        <alternateIdentifier>https://cch2.org/portal/collections/misc/collprofiles.php?collid=13</alternateIdentifier>
        <alternateIdentifier>http://cch2.org/portal/collections/misc/collprofiles.php?collid=13</alternateIdentifier>
    <title>UCSC Herbarium - Kenneth S. Norris Center for Natural History, University of California Santa Cruz</title>
    <creator>
<organizationName>CCH2 Portal</organizationName><electronicMailAddress>jyost@calpoly.edu</electronicMailAddress><onlineUrl>https://cch2.org/portal/index.php</onlineUrl>    </creator>
    <metadataProvider>
<organizationName>CCH2 Portal</organizationName><electronicMailAddress>jyost@calpoly.edu</electronicMailAddress><onlineUrl>https://cch2.org/portal/index.php</onlineUrl>    </metadataProvider>
    <associatedParty>
    <individualName>
          <surName>Chris Lay (Administrative Director); Al Keuter (Vascular Plants Curator)</surName>
    </individualName>
<electronicMailAddress>cml@ucsc.edu; akeuter@ucsc.edu</electronicMailAddress>    <role>CONTENT_PROVIDER</role>
    </associatedParty>
      <pubDate>
      2021-07-01
      </pubDate>
    <language>ENGLISH</language>
    <abstract>
        <para>The Herbarium at the Kenneth S. Norris Center for Natural History (UC Santa Cruz) houses more than 13,500 vascular plants, algae, lichens, and bryophytes. The collection focuses primarily on Santa Cruz County and the University of California Reserves but also contains important specimens from throughout California. The collection archives research and publication voucher specimens and is also a student education resource. Notable collections include those of R. Morgan (1969-2017), Dylan Neubauer, David Styer (Fort Ord National Monument collections), Neal Kramer (Bonny Doon Ecological Reserve collections), and the Bureau of Land Management (Cotoni-Coast Dairies National Monument collections).</para>
    </abstract>
      <intellectualRights>
        <para>This work is licensed under a <ulink url="http://creativecommons.org/licenses/by-nc/4.0/legalcode"><citetitle>Creative Commons Attribution Non Commercial (CC-BY-NC) 4.0 License</citetitle></ulink>.</para>
      </intellectualRights>
      <contact>
<organizationName>UCSC Herbarium - Kenneth S. Norris Center for Natural History, University of California Santa Cruz</organizationName><phone>(831) 459-4763</phone><electronicMailAddress>cml@ucsc.edu; akeuter@ucsc.edu</electronicMailAddress><onlineUrl>https://norriscenter.ucsc.edu/</onlineUrl>      </contact>

</dataset>

<additionalMetadata>
    <metadata>
      <gbif>
        <dateStamp>2021-07-19T20:27:17Z</dateStamp>
      <citation>Kenneth S. Norris Center for Natural History (2021). UCSC Herbarium - Kenneth S. Norris Center for Natural History, University of California Santa Cruz. Occurrence dataset https://doi.org/10.15468/uavt0t accessed via GBIF.org on 2021-07-19.</citation>
      </gbif>
    </metadata>
</additionalMetadata>

</eml:eml>
