<?xml version="1.0" encoding="utf-8"?>
<eml:eml xmlns:eml="eml://ecoinformatics.org/eml-2.1.1" xmlns:xsi="http://www.w3.org/2001/XMLSchema-instance"
         xsi:schemaLocation="eml://ecoinformatics.org/eml-2.1.1 http://rs.gbif.org/schema/eml-gbif-profile/1.1/eml.xsd"
        packageId="7e36d9b6-f762-11e1-a439-00145eb45e9a"  system="http://gbif.org" scope="system"
  xml:lang="en">

<dataset>
      <alternateIdentifier>10.15468/uinlof</alternateIdentifier>
        <alternateIdentifier>12789</alternateIdentifier>
    <title>Botanical Research Intitute of Texas</title>
    <associatedParty>
    <individualName>
          <surName>Jason Best</surName>
    </individualName>
<positionName>Head of Bioinformatics</positionName><phone>817-332-444</phone><electronicMailAddress>jbest@brit.org</electronicMailAddress>    </associatedParty>
    <associatedParty>
    <individualName>
          <surName>Jason Best</surName>
    </individualName>
<positionName>Head of Bioinformatics</positionName><phone>817-332-4441</phone><electronicMailAddress>jbest@brit.org</electronicMailAddress>    </associatedParty>
    <language>en</language>
    <abstract>
        <para>The Botanical Research Institute of Texas (BRIT) is a global institute for the conservation and preservation of botanical heritage through education, research, scientific publications, and collections. Our Mission is to conserve our natural heritage by deepening our knowledge of the plant world and achieving public understanding of the value plants bring to life.</para>
    </abstract>
      <intellectualRights>
        <para>This work is licensed under a <ulink url="http://creativecommons.org/licenses/by/4.0/legalcode"><citetitle>Creative Commons Attribution (CC-BY) 4.0 License</citetitle></ulink>.</para>
      </intellectualRights>
      <distribution scope="document">
          <online>
              <url function="information">http://atrium.brit.org</url>
          </online>
      </distribution>

</dataset>

<additionalMetadata>
    <metadata>
      <gbif>
        <dateStamp>2021-07-19T20:27:14Z</dateStamp>
      <citation>Botanical Research Institute of Texas. Botanical Research Intitute of Texas. Occurrence dataset https://doi.org/10.15468/uinlof accessed via GBIF.org on 2021-07-19.</citation>
      </gbif>
    </metadata>
</additionalMetadata>

</eml:eml>
