<?xml version="1.0" encoding="utf-8"?>
<eml:eml xmlns:eml="eml://ecoinformatics.org/eml-2.1.1" xmlns:xsi="http://www.w3.org/2001/XMLSchema-instance"
         xsi:schemaLocation="eml://ecoinformatics.org/eml-2.1.1 http://rs.gbif.org/schema/eml-gbif-profile/1.1/eml.xsd"
        packageId="832cb04e-f762-11e1-a439-00145eb45e9a"  system="http://gbif.org" scope="system"
  xml:lang="en">

<dataset>
      <alternateIdentifier>10.15468/hdpruf</alternateIdentifier>
        <alternateIdentifier>https://ipt.plantatlas.usf.edu/resource?r=ftg_herb</alternateIdentifier>
        <alternateIdentifier>832cb04e-f762-11e1-a439-00145eb45e9a</alternateIdentifier>
        <alternateIdentifier>202</alternateIdentifier>
    <title>Fairchild Tropical Botanic Garden Virtual Herbarium Darwin Core format</title>
    <creator>
    <individualName>
<givenName>Brett</givenName>          <surName>Jestrow</surName>
    </individualName>
<organizationName>Fairchild Tropical Botanic Garden Herbarium</organizationName><positionName>Director of Collections</positionName>    <address>
<deliveryPoint>10901 Old Cutler Road</deliveryPoint><city>Coral Gables</city><administrativeArea>Florida</administrativeArea><postalCode>33156</postalCode><country>UNITED_STATES</country>    </address>
<electronicMailAddress>BJestrow@fairchildgarden.org</electronicMailAddress><onlineUrl>https://fairchildgarden.org/</onlineUrl>    </creator>
    <metadataProvider>
    <individualName>
<givenName>Keith</givenName>          <surName>Bornhorst</surName>
    </individualName>
<organizationName>USF Water Institute</organizationName><positionName>IT</positionName>    <address>
<deliveryPoint>4202 E. Fowler Ave., CHE 304</deliveryPoint><city>Tampa</city><administrativeArea>Florida</administrativeArea><postalCode>33620</postalCode><country>UNITED_STATES</country>    </address>
<phone>+01-813-974-7406</phone><electronicMailAddress>bornhorst@usf.edu</electronicMailAddress><onlineUrl>https://plantatlas.org</onlineUrl>    </metadataProvider>
    <metadataProvider>
    <individualName>
<givenName>Brett</givenName>          <surName>Jestrow</surName>
    </individualName>
<organizationName>Fairchild Tropical Botanic Garden Herbarium</organizationName><positionName>Director of Collections</positionName>    <address>
<deliveryPoint>10901 Old Cutler Road</deliveryPoint><city>Coral Gables</city><administrativeArea>Florida</administrativeArea><postalCode>33156</postalCode><country>UNITED_STATES</country>    </address>
<electronicMailAddress>BJestrow@fairchildgarden.org</electronicMailAddress><onlineUrl>https://fairchildgarden.org/</onlineUrl>    </metadataProvider>
      <pubDate>
      2021-07-02
      </pubDate>
    <language>ENGLISH</language>
    <abstract>
        <para>Fairchild is dedicated to exploring, explaining and conserving the world of tropical plants. We are one of the premier conservation and education-based gardens in the world and a recognized international leader in both Florida and international conservation. Currently Fairchild has field programs in over 20 countries including support to protected areas in Madagascar and Africa and botanic garden development and renovation projects in South and Central America, the Caribbean and the Middle East.</para>
    </abstract>
        <keywordSet>
              <keyword>Occurrence</keyword>
              <keywordThesaurus>GBIF Dataset Type Vocabulary: http://rs.gbif.org/vocabulary/gbif/dataset_type.xml</keywordThesaurus>
        </keywordSet>
        <keywordSet>
              <keyword>Specimen</keyword>
              <keywordThesaurus>GBIF Dataset Subtype Vocabulary: http://rs.gbif.org/vocabulary/gbif/dataset_subtype.xml</keywordThesaurus>
        </keywordSet>
      <intellectualRights>
        <para>This work is licensed under a <ulink url="http://creativecommons.org/licenses/by-nc/4.0/legalcode"><citetitle>Creative Commons Attribution Non Commercial (CC-BY-NC) 4.0 License</citetitle></ulink>.</para>
      </intellectualRights>
      <distribution scope="document">
          <online>
              <url function="information">http://www.virtualherbarium.org/</url>
          </online>
      </distribution>
      <maintenance>
          <description>
              <para></para>
          </description>
          <maintenanceUpdateFrequency>weekly</maintenanceUpdateFrequency>
      </maintenance>
      <contact>
    <individualName>
<givenName>Brett</givenName>          <surName>Jestrow</surName>
    </individualName>
<organizationName>Fairchild Tropical Botanic Garden Herbarium</organizationName><positionName>Director of Collections</positionName>    <address>
<deliveryPoint>10901 Old Cutler Road</deliveryPoint><city>Coral Gables</city><administrativeArea>Florida</administrativeArea><postalCode>33156</postalCode><country>UNITED_STATES</country>    </address>
<electronicMailAddress>BJestrow@fairchildgarden.org</electronicMailAddress><onlineUrl>https://fairchildgarden.org/</onlineUrl>      </contact>

      <project >
          <title>Fairchild Tropical Botanic Garden</title>
          <personnel>
    <individualName>
<givenName>Brett</givenName>          <surName>Jestrow</surName>
    </individualName>
    <role>ADMINISTRATIVE_POINT_OF_CONTACT</role>
          </personnel>
          <abstract>
              <para></para>
          </abstract>
          <funding>
              <para></para>
          </funding>
      </project>
</dataset>

<additionalMetadata>
    <metadata>
      <gbif>
        <dateStamp>2021-07-19T20:27:17Z</dateStamp>
      <citation>Jestrow B, Bornhorst K (2021). Fairchild Tropical Botanic Garden Virtual Herbarium Darwin Core format. Fairchild Tropical Botanic Garden. Occurrence dataset https://doi.org/10.15468/hdpruf accessed via GBIF.org on 2021-07-19.</citation>
              <resourceLogoUrl>https://cdn.plantatlas.org/img/logos/ftg-logo-472x108.png</resourceLogoUrl>
              <collection>
                <parentCollectionIdentifier>Not applicable</parentCollectionIdentifier>
                <collectionIdentifier>urn:lsid:biocol.org:col:15568</collectionIdentifier>
                <collectionName>Fairchild Tropical Botanic Garden</collectionName>
              </collection>
                <specimenPreservationMethod>DRIED_AND_PRESSED</specimenPreservationMethod>
      </gbif>
    </metadata>
</additionalMetadata>

</eml:eml>
