<?xml version="1.0" encoding="utf-8"?>
<eml:eml xmlns:eml="eml://ecoinformatics.org/eml-2.1.1" xmlns:xsi="http://www.w3.org/2001/XMLSchema-instance"
         xsi:schemaLocation="eml://ecoinformatics.org/eml-2.1.1 http://rs.gbif.org/schema/eml-gbif-profile/1.1/eml.xsd"
        packageId="85c8e444-f762-11e1-a439-00145eb45e9a"  system="http://gbif.org" scope="system"
  xml:lang="en">

<dataset>
      <alternateIdentifier>10.15468/31iaih</alternateIdentifier>
        <alternateIdentifier>1605</alternateIdentifier>
    <title>Herbarium Hamburgense</title>
    <associatedParty>
    <individualName>
          <surName>Thomas Hillmann</surName>
    </individualName>
    <address>
<deliveryPoint>University of Hamburg   Biocentre Klein Flottbek  Herbarium Hamburgense  Ohnhorststr. 18   22609 Hamburg  Germany</deliveryPoint>    </address>
<phone>+49 40-42816-694</phone><electronicMailAddress>thomas.hillmann@uni-hamburg.de</electronicMailAddress>    <role>TECHNICAL_POINT_OF_CONTACT</role>
    </associatedParty>
    <language>en</language>
    <abstract>
        <para>The Herbarium Hamburgense of the University of Hamburg (acronym HBG) is the 4th largest herbarium in Germany and holds a collection of more than 1.8 million preserved plant specimens. All plant groups, e.g. flowering plants, ferns, mosses, lichens, fungi and algae are covered. The scope is worldwide and the collections span a period of 300 years. There are special collections such as the bulky specimens and alcohol collections, galls and teratologia as well as the autograph and portrait collection. The collections are growing by field studies of staff and members of the Biodiversity, Evolution and Ecology working group of the Biocenter Klein Flottbek of the the University of Hamburg. So far, almost 40000 herbarium sheets have been fully digitized including nearly 20000 type specimens.</para>
    </abstract>
      <intellectualRights>
        <para>This work is licensed under a <ulink url="http://creativecommons.org/licenses/by/4.0/legalcode"><citetitle>Creative Commons Attribution (CC-BY) 4.0 License</citetitle></ulink>.</para>
      </intellectualRights>
      <contact>
    <individualName>
          <surName>Dr. Matthias Schulz</surName>
    </individualName>
    <address>
<deliveryPoint>University of Hamburg   Biocentre Klein Flottbek  Herbarium Hamburgense  Ohnhorststr. 18   22609 Hamburg  Germany</deliveryPoint>    </address>
<phone>+49 40-42816-694</phone><electronicMailAddress>matthias.schultz@uni-hamburg.de</electronicMailAddress>      </contact>

</dataset>

<additionalMetadata>
    <metadata>
      <gbif>
        <dateStamp>2021-07-19T20:27:11Z</dateStamp>
      <citation>Herbarium Hamburgense. Herbarium Hamburgense. Occurrence dataset https://doi.org/10.15468/31iaih accessed via GBIF.org on 2021-07-19.</citation>
              <resourceLogoUrl>http://www.herbariumhamburgense.de/images/uhh-logo.gif</resourceLogoUrl>
      </gbif>
    </metadata>
</additionalMetadata>

</eml:eml>
