<?xml version="1.0" encoding="utf-8"?>
<eml:eml xmlns:eml="eml://ecoinformatics.org/eml-2.1.1" xmlns:xsi="http://www.w3.org/2001/XMLSchema-instance"
         xsi:schemaLocation="eml://ecoinformatics.org/eml-2.1.1 http://rs.gbif.org/schema/eml-gbif-profile/1.1/eml.xsd"
        packageId="8937328e-f762-11e1-a439-00145eb45e9a"  system="http://gbif.org" scope="system"
  xml:lang="en">

<dataset>
      <alternateIdentifier>10.15468/i9cerk</alternateIdentifier>
        <alternateIdentifier>2558</alternateIdentifier>
    <title>Oklahoma Vascular Plants Database Provider</title>
    <language>ENGLISH</language>
      <intellectualRights>
        <para>This work is licensed under a <ulink url="http://creativecommons.org/licenses/by/4.0/legalcode"><citetitle>Creative Commons Attribution (CC-BY) 4.0 License</citetitle></ulink>.</para>
      </intellectualRights>
      <maintenance>
          <description>
              <para></para>
          </description>
          <maintenanceUpdateFrequency>unkown</maintenanceUpdateFrequency>
      </maintenance>
      <contact>
    <individualName>
          <surName>Bruce Hoagland</surName>
    </individualName>
<phone>(405) 325-1985</phone><electronicMailAddress>bhoagland@ou.edu</electronicMailAddress>      </contact>
      <contact>
    <individualName>
          <surName>David Lowther</surName>
    </individualName>
<phone>(904) 471-5528</phone><electronicMailAddress>dlowther@coordinatesolutions.com</electronicMailAddress>      </contact>

</dataset>

<additionalMetadata>
    <metadata>
      <gbif>
        <dateStamp>2021-07-19T20:27:32Z</dateStamp>
      <citation>Oklahoma Vascular Plants Database Provider. Oklahoma Vascular Plants Database Provider. Occurrence dataset https://doi.org/10.15468/i9cerk accessed via GBIF.org on 2021-07-19.</citation>
              <physical>
                  <objectName>GBIF Occurrence Download</objectName>
                  <characterEncoding>UTF-8</characterEncoding>
                  <dataFormat>
                      <externallyDefinedFormat>
                          <formatName>Darwin Core Archive</formatName>
                      </externallyDefinedFormat>
                  </dataFormat>
                  <distribution>
                      <online>
                          <url function="download">http://api.gbif.org/v1/occurrence/download/request/0015818-180131172636756.zip</url>
                      </online>
                  </distribution>
              </physical>
      </gbif>
    </metadata>
</additionalMetadata>

</eml:eml>
