<?xml version="1.0" encoding="utf-8"?>
<eml:eml xmlns:eml="eml://ecoinformatics.org/eml-2.1.1" xmlns:xsi="http://www.w3.org/2001/XMLSchema-instance"
         xsi:schemaLocation="eml://ecoinformatics.org/eml-2.1.1 http://rs.gbif.org/schema/eml-gbif-profile/1.1/eml.xsd"
        packageId="a8e22479-28d2-4a8a-ae1c-2d40d80c1f9a"  system="http://gbif.org" scope="system"
  xml:lang="en">

<dataset>
      <alternateIdentifier>10.15468/sk26v2</alternateIdentifier>
        <alternateIdentifier>https://sernecportal.org/portal/collections/misc/collprofiles.php?collid=248</alternateIdentifier>
        <alternateIdentifier>http://sernecportal.org/portal/collections/misc/collprofiles.php?collid=248</alternateIdentifier>
    <title>Western Carolina University Herbarium</title>
    <creator>
<organizationName>SERNEC</organizationName><electronicMailAddress>herrick.brown@gmail.com</electronicMailAddress><onlineUrl>https://sernecportal.org/portal/index.php</onlineUrl>    </creator>
    <metadataProvider>
<organizationName>SERNEC</organizationName><electronicMailAddress>herrick.brown@gmail.com</electronicMailAddress><onlineUrl>https://sernecportal.org/portal/index.php</onlineUrl>    </metadataProvider>
    <associatedParty>
    <individualName>
          <surName>Dr. Katherine Mathews, Director and Curator</surName>
    </individualName>
<electronicMailAddress>kmathews@email.wcu.edu</electronicMailAddress>    <role>CONTENT_PROVIDER</role>
    </associatedParty>
      <pubDate>
      2021-02-09
      </pubDate>
    <language>ENGLISH</language>
      <intellectualRights>
        <para>This work is licensed under a <ulink url="http://creativecommons.org/licenses/by/4.0/legalcode"><citetitle>Creative Commons Attribution (CC-BY) 4.0 License</citetitle></ulink>.</para>
      </intellectualRights>
      <contact>
<organizationName>Western Carolina University Herbarium</organizationName><electronicMailAddress>kmathews@email.wcu.edu</electronicMailAddress>      </contact>

</dataset>

<additionalMetadata>
    <metadata>
      <gbif>
        <dateStamp>2021-07-19T20:27:18Z</dateStamp>
      <citation>Western Carolina University Herbarium (2021). Western Carolina University Herbarium. Occurrence dataset https://doi.org/10.15468/sk26v2 accessed via GBIF.org on 2021-07-19.</citation>
      </gbif>
    </metadata>
</additionalMetadata>

</eml:eml>
