<?xml version="1.0" encoding="utf-8"?>
<eml:eml xmlns:eml="eml://ecoinformatics.org/eml-2.1.1" xmlns:xsi="http://www.w3.org/2001/XMLSchema-instance"
         xsi:schemaLocation="eml://ecoinformatics.org/eml-2.1.1 http://rs.gbif.org/schema/eml-gbif-profile/1.1/eml.xsd"
        packageId="a92f4b3c-ae5c-45af-8dac-4a6a88d35ddd"  system="http://gbif.org" scope="system"
  xml:lang="en">

<dataset>
      <alternateIdentifier>10.15468/adstge</alternateIdentifier>
        <alternateIdentifier>https://ngpherbaria.org/portal/collections/misc/collprofiles.php?collid=177</alternateIdentifier>
        <alternateIdentifier>http://ngpherbaria.org/portal/collections/misc/collprofiles.php?collid=177</alternateIdentifier>
    <title>Pittsburg State University, Theodore M. Sperry Herbarium</title>
    <creator>
<organizationName>Great Plains Herbaria</organizationName><electronicMailAddress>mary.barkworth@usu.edu</electronicMailAddress><onlineUrl>https://ngpherbaria.org/portal/index.php</onlineUrl>    </creator>
    <metadataProvider>
<organizationName>Great Plains Herbaria</organizationName><electronicMailAddress>mary.barkworth@usu.edu</electronicMailAddress><onlineUrl>https://ngpherbaria.org/portal/index.php</onlineUrl>    </metadataProvider>
    <associatedParty>
<electronicMailAddress>nsnow@pittstate.edu</electronicMailAddress>    <role>CONTENT_PROVIDER</role>
    </associatedParty>
      <pubDate>
      2020-10-21
      </pubDate>
    <language>ENGLISH</language>
    <abstract>
        <para>The ca. 60,000 specimens document the distribution and natural variation of vascular plants and bryophytes, primarily those of Kansas, adjacent states, and North America, excluding ca. 10,000 backlogged specimens. Many specimens are unicates. Important additional holdings from abroad include the Democratic Republic of the Congo, Peru, Myrtaceae (mostly Madagascar and New Caledonia), Poaceae (worldwide), and 16 isotypes. Ca. 5800 collections of North American bryophytes are data based on the Consortium of North American Bryophytes website (&lt;a href=&quot;https://bryophyteportal.org&quot;&gt;https://bryophyteportal.org&lt;/a&gt;) but hundreds or thousands outside of N. Amer. are backlogged. Over ten percent of the collections are vouchers for published research. Ornamental (non-native) occurrences are not data based. Student and volunteer curatorial assistance, and well as generous financial support from the National Science Foundation (CSBR 1756276), are gratefully acknowledged.</para>
    </abstract>
      <intellectualRights>
        <para>This work is licensed under a <ulink url="http://creativecommons.org/licenses/by/4.0/legalcode"><citetitle>Creative Commons Attribution (CC-BY) 4.0 License</citetitle></ulink>.</para>
      </intellectualRights>
      <contact>
<organizationName>Pittsburg State University, Theodore M. Sperry Herbarium</organizationName><phone>620-235-4424</phone><electronicMailAddress>nsnow@pittstate.edu</electronicMailAddress><onlineUrl>http://www.pittstate.edu/department/herbarium/index.dot</onlineUrl>      </contact>

</dataset>

<additionalMetadata>
    <metadata>
      <gbif>
        <dateStamp>2021-07-19T20:27:13Z</dateStamp>
      <citation>Theodore  M. Sperry Herbarium (2020). Pittsburg State University, Theodore M. Sperry Herbarium. Occurrence dataset https://doi.org/10.15468/adstge accessed via GBIF.org on 2021-07-19.</citation>
      </gbif>
    </metadata>
</additionalMetadata>

</eml:eml>
