<?xml version="1.0" encoding="utf-8"?>
<eml:eml xmlns:eml="eml://ecoinformatics.org/eml-2.1.1" xmlns:xsi="http://www.w3.org/2001/XMLSchema-instance"
         xsi:schemaLocation="eml://ecoinformatics.org/eml-2.1.1 http://rs.gbif.org/schema/eml-gbif-profile/1.1/eml.xsd"
        packageId="af0ac0ba-b895-47a2-ac64-30517f109c33"  system="http://gbif.org" scope="system"
  xml:lang="en">

<dataset>
      <alternateIdentifier>10.15468/cv2dmt</alternateIdentifier>
        <alternateIdentifier>af0ac0ba-b895-47a2-ac64-30517f109c33</alternateIdentifier>
        <alternateIdentifier>http://ipt.jbrj.gov.br/reflora/resource?r=ian</alternateIdentifier>
    <title>IAN herbarium - Embrapa Amazônia Oriental - Herbário Virtual REFLORA</title>
    <creator>
    <individualName>
<givenName>Regina</givenName>          <surName>Silva</surName>
    </individualName>
<organizationName>Embrapa Amazônia Oriental</organizationName><positionName>Curator</positionName>    <address>
<deliveryPoint>Tv. Enéas Pinheiro, s/n, Marco Cx.P. 48</deliveryPoint><city>Belém</city><administrativeArea>Pará</administrativeArea><postalCode>66095-100</postalCode><country>BRAZIL</country>    </address>
<electronicMailAddress>regina.silva@embrapa.br</electronicMailAddress>    </creator>
    <metadataProvider>
    <individualName>
<givenName>Regina</givenName>          <surName>Silva</surName>
    </individualName>
<organizationName>Embrapa Amazônia Oriental</organizationName><positionName>Curator</positionName>    <address>
<deliveryPoint>Tv. Enéas Pinheiro, s/n, Marco Cx.P. 48</deliveryPoint><city>Belém</city><administrativeArea>PA</administrativeArea><postalCode>66095-100</postalCode><country>BRAZIL</country>    </address>
<electronicMailAddress>regina.silva@embrapa.br</electronicMailAddress>    </metadataProvider>
      <pubDate>
      2021-07-14
      </pubDate>
    <language>PORTUGUESE</language>
    <abstract>
        <para>The dataset provides information on all digitized specimens from IAN Herbarium (Herbário da Embrapa Amazônia Oriental, Belém, Pará, Brasil).</para>
    </abstract>
        <keywordSet>
              <keyword>Occurrence</keyword>
              <keywordThesaurus>GBIF Dataset Type Vocabulary: http://rs.gbif.org/vocabulary/gbif/dataset_type.xml</keywordThesaurus>
        </keywordSet>
        <keywordSet>
              <keyword>Specimen</keyword>
              <keywordThesaurus>GBIF Dataset Subtype Vocabulary: http://rs.gbif.org/vocabulary/gbif/dataset_subtype.xml</keywordThesaurus>
        </keywordSet>
      <intellectualRights>
        <para>This work is licensed under a <ulink url="http://creativecommons.org/licenses/by/4.0/legalcode"><citetitle>Creative Commons Attribution (CC-BY) 4.0 License</citetitle></ulink>.</para>
      </intellectualRights>
      <maintenance>
          <description>
              <para></para>
          </description>
          <maintenanceUpdateFrequency>monthly</maintenanceUpdateFrequency>
      </maintenance>
      <contact>
    <individualName>
<givenName>Regina</givenName>          <surName>Silva</surName>
    </individualName>
<organizationName>Embrapa Amazônia Oriental</organizationName><positionName>Curator</positionName>    <address>
<deliveryPoint>Tv. Enéas Pinheiro, s/n, Marco Cx.P. 48</deliveryPoint><city>Belém</city><administrativeArea>PA</administrativeArea><postalCode>66095-100</postalCode><country>BRAZIL</country>    </address>
<electronicMailAddress>regina.silva@embrapa.br</electronicMailAddress>      </contact>
      <contact>
    <individualName>
<givenName>Rafaela</givenName>          <surName>Forzza</surName>
    </individualName>
<organizationName>Rio de Janeiro Botanical Garden</organizationName><positionName>Reflora Coordinator</positionName>    <address>
<deliveryPoint>Rua Pacheco Leão 915</deliveryPoint><city>Rio de Janeiro</city><administrativeArea>RJ</administrativeArea><postalCode>22460-030</postalCode><country>BRAZIL</country>    </address>
<phone>+552132042082</phone><electronicMailAddress>reflora@jbrj.gov.br</electronicMailAddress>      </contact>

</dataset>

<additionalMetadata>
    <metadata>
      <gbif>
        <dateStamp>2021-07-19T20:27:12Z</dateStamp>
      <citation>Silva R (2021). IAN herbarium - Embrapa Amazônia Oriental - Herbário Virtual REFLORA. Version 1.187. Instituto de Pesquisas Jardim Botanico do Rio de Janeiro. Occurrence dataset https://doi.org/10.15468/cv2dmt accessed via GBIF.org on 2021-07-19.</citation>
              <resourceLogoUrl>http://ipt.jbrj.gov.br/reflora/logo.do?r=ian</resourceLogoUrl>
      </gbif>
    </metadata>
</additionalMetadata>

</eml:eml>
