<?xml version="1.0" encoding="utf-8"?>
<eml:eml xmlns:eml="eml://ecoinformatics.org/eml-2.1.1" xmlns:xsi="http://www.w3.org/2001/XMLSchema-instance"
         xsi:schemaLocation="eml://ecoinformatics.org/eml-2.1.1 http://rs.gbif.org/schema/eml-gbif-profile/1.1/eml.xsd"
        packageId="b0cb000d-9381-4881-98d9-1594acf59c89"  system="http://gbif.org" scope="system"
  xml:lang="en">

<dataset>
      <alternateIdentifier>10.15468/f71d5m</alternateIdentifier>
        <alternateIdentifier>http://ipt.biodiversity.be/resource?r=xylarium</alternateIdentifier>
        <alternateIdentifier>b0cb000d-9381-4881-98d9-1594acf59c89</alternateIdentifier>
        <alternateIdentifier>826992ce-4480-11e2-ad4c-00145eb45e9a</alternateIdentifier>
        <alternateIdentifier>14521</alternateIdentifier>
    <title>Royal Museum of Central Africa - Metafro-Infosys - Xylarium</title>
    <creator>
    <individualName>
<givenName>Fabien</givenName>          <surName>Nkundabagenzi</surName>
    </individualName>
<organizationName>Royal Museum for Central Africa</organizationName><positionName>Curator</positionName>    <address>
<deliveryPoint>Leuvensesteenweg 13</deliveryPoint><city>Tervuren</city><postalCode>3080</postalCode><country>BELGIUM</country>    </address>
<phone>+32 2 769 57 59</phone><electronicMailAddress>fabien.nkundabagenzi@africamuseum.be</electronicMailAddress><onlineUrl>http://www.africamuseum.be/</onlineUrl>    </creator>
    <metadataProvider>
    <individualName>
<givenName>Nicolas</givenName>          <surName>Noe</surName>
    </individualName>
<organizationName>Belgian Biodiversity Platform</organizationName><positionName>IT Specialist</positionName>    <address>
<deliveryPoint>ULB Campus de la Plaine - Boulevard du triomphe</deliveryPoint><city>Brussels</city><postalCode>1050</postalCode><country>BELGIUM</country>    </address>
<electronicMailAddress>n.noe@biodiversity.be</electronicMailAddress><onlineUrl>http://www.biodiversity.be</onlineUrl>    </metadataProvider>
    <associatedParty>
    <individualName>
<givenName>Nicolas</givenName>          <surName>Noe</surName>
    </individualName>
<electronicMailAddress>niconoe@ulb.ac.be</electronicMailAddress>    <role>USER</role>
    </associatedParty>
      <pubDate>
      2017-02-22
      </pubDate>
    <language>ENGLISH</language>
    <abstract>
        <para>The Xylarium of Tervuren (Tw) : the collection of wood includes 56,000 specimens of 13,600 different botanical species from around the world. It is therefore the second largest collection in the world and the largest in Europe. It contains wood from all growing plant forms which produce secondary xylem. Lignified plant tissues are omnipresent in the terrestrial living nature. Also a big part of the material culture consists of wooden objects. Because of the multifunctional character of wood, the Tervuren Xylarium should in principle serve the different disciplines interested in wood research: technology, ecology, palaeontology, art history, archaeology, etc. Since the Tervuren Xylarium is the only governmental wood collection in Belgium there is no geographical limitation: it has a worldwide concern. Because of the scientific nature of the collection, the validation of it depends largely on derivative collections like thin sections for microscopy and microphotographs. Moreover there are collections of stem discs that make dendrochronological research possible.</para>
    </abstract>
        <keywordSet>
              <keyword>Occurrence</keyword>
              <keywordThesaurus>GBIF Dataset Type Vocabulary: http://rs.gbif.org/vocabulary/gbif/dataset_type.xml</keywordThesaurus>
        </keywordSet>
      <intellectualRights>
        <para>This work is licensed under a <ulink url="http://creativecommons.org/licenses/by/4.0/legalcode"><citetitle>Creative Commons Attribution (CC-BY) 4.0 License</citetitle></ulink>.</para>
      </intellectualRights>
      <distribution scope="document">
          <online>
              <url function="information">http://metafro.africamuseum.be</url>
          </online>
      </distribution>
      <maintenance>
          <description>
              <para></para>
          </description>
          <maintenanceUpdateFrequency>unkown</maintenanceUpdateFrequency>
      </maintenance>
      <contact>
    <individualName>
<givenName>Hans</givenName>          <surName>Beeckman</surName>
    </individualName>
<organizationName>Royal Museum for Central Africa</organizationName><positionName>Curator</positionName>    <address>
<deliveryPoint>Leuvensesteenweg 13</deliveryPoint><city>Tervuren</city><postalCode>3080</postalCode><country>BELGIUM</country>    </address>
<phone>+32 2 769 56 11</phone><electronicMailAddress>hans.beeckman@africamuseum.be</electronicMailAddress><onlineUrl>http://www.africamuseum.be/</onlineUrl>      </contact>

</dataset>

<additionalMetadata>
    <metadata>
      <gbif>
        <dateStamp>2021-07-19T20:27:14Z</dateStamp>
      <citation>Nkundabagenzi F, Noe N (2017). Royal Museum of Central Africa - Metafro-Infosys - Xylarium. Version 1.2. Belgian Biodiversity Platform. Occurrence dataset https://doi.org/10.15468/f71d5m accessed via GBIF.org on 2021-07-19.</citation>
      </gbif>
    </metadata>
</additionalMetadata>

</eml:eml>
