<?xml version="1.0" encoding="utf-8"?>
<eml:eml xmlns:eml="eml://ecoinformatics.org/eml-2.1.1" xmlns:xsi="http://www.w3.org/2001/XMLSchema-instance"
         xsi:schemaLocation="eml://ecoinformatics.org/eml-2.1.1 http://rs.gbif.org/schema/eml-gbif-profile/1.1/eml.xsd"
        packageId="c711c16e-8db5-4f66-aa06-03d9e472fbbc"  system="http://gbif.org" scope="system"
  xml:lang="en">

<dataset>
      <alternateIdentifier>10.15468/7o2xuw</alternateIdentifier>
    <title>The Fungal, Lichen and Plant Collections at the Herbarium Marburgense</title>
    <associatedParty>
    <individualName>
          <surName>Staatliche Naturwissenschaftliche Sammlungen Bayerns – SNSB IT Center, München</surName>
    </individualName>
<electronicMailAddress>snsb-it-center@snsb.de</electronicMailAddress>    <role>TECHNICAL_POINT_OF_CONTACT</role>
    </associatedParty>
    <language>en</language>
    <abstract>
        <para>http://www.gbif-mycology.de/DatabaseClients/MBcoll/About.html</para>
    </abstract>
      <intellectualRights>
        <para>This work is licensed under a <ulink url="http://creativecommons.org/licenses/by/4.0/legalcode"><citetitle>Creative Commons Attribution (CC-BY) 4.0 License</citetitle></ulink>.</para>
      </intellectualRights>
      <distribution scope="document">
          <online>
              <url function="information">http://www.gbif-mycology.de/DatabaseClients/MBcoll/About.html</url>
          </online>
      </distribution>
      <contact>
    <individualName>
          <surName>K.-H. Rexer</surName>
    </individualName>
<electronicMailAddress>rexer@staff.uni-marburg.de</electronicMailAddress>      </contact>

</dataset>

<additionalMetadata>
    <metadata>
      <gbif>
        <dateStamp>2021-07-19T20:27:17Z</dateStamp>
      <citation>Staatliche Naturwissenschaftliche Sammlungen Bayerns. The Fungal, Lichen and Plant Collections at the Herbarium Marburgense. Occurrence dataset https://doi.org/10.15468/7o2xuw accessed via GBIF.org on 2021-07-19.</citation>
              <resourceLogoUrl>http://www.uni-marburg.de/bilder/logo_uni2.gif/image</resourceLogoUrl>
      </gbif>
    </metadata>
</additionalMetadata>

</eml:eml>
