<?xml version="1.0" encoding="utf-8"?>
<eml:eml xmlns:eml="eml://ecoinformatics.org/eml-2.1.1" xmlns:xsi="http://www.w3.org/2001/XMLSchema-instance"
         xsi:schemaLocation="eml://ecoinformatics.org/eml-2.1.1 http://rs.gbif.org/schema/eml-gbif-profile/1.1/eml.xsd"
        packageId="c8681cc2-9d0a-4c5f-b620-5c753abfe2bc"  system="http://gbif.org" scope="system"
  xml:lang="en">

<dataset>
      <alternateIdentifier>10.15468/7m0fvd</alternateIdentifier>
        <alternateIdentifier>https://collections.nmnh.si.edu/ipt/resource?r=nmnh_paleo_dwc-a</alternateIdentifier>
        <alternateIdentifier>c8681cc2-9d0a-4c5f-b620-5c753abfe2bc</alternateIdentifier>
        <alternateIdentifier>http://collections.nmnh.si.edu/ipt/resource?r=nmnh_paleo_dwc-a</alternateIdentifier>
    <title>NMNH Paleobiology Specimen Records</title>
    <creator>
    <individualName>
<givenName>Thomas</givenName>          <surName>Orrell</surName>
    </individualName>
<organizationName>National Museum of Natural History, Smithsonian Institution</organizationName><positionName>Deputy Director, Research Informatics Program</positionName>    <address>
<deliveryPoint>P.O. Box 37012, MRC 136</deliveryPoint><city>Washington</city><administrativeArea>DC</administrativeArea><postalCode>20013-7012</postalCode><country>UNITED_STATES</country>    </address>
<phone>202-633-2151</phone><electronicMailAddress>orrellt@si.edu</electronicMailAddress><onlineUrl>http://collections.nmnh.si.edu</onlineUrl>      <userId directory="http://orcid.org/">0000-0003-1038-3028</userId>
    </creator>
    <creator>
    <individualName>
          <surName>Informatics Office</surName>
    </individualName>
<organizationName>National Museum of Natural History, Smithsonian Institution</organizationName><positionName>IPT Administrator</positionName>    <address>
<deliveryPoint>P.O. Box 37012, MRC 136</deliveryPoint><city>Washington</city><administrativeArea>DC</administrativeArea><postalCode>20013-7012</postalCode><country>UNITED_STATES</country>    </address>
<phone>202-633-0850</phone><electronicMailAddress>informaticshelp@si.edu</electronicMailAddress><onlineUrl>http://collections.nmnh.si.edu</onlineUrl>    </creator>
    <metadataProvider>
    <individualName>
<givenName>Thomas</givenName>          <surName>Orrell</surName>
    </individualName>
<organizationName>National Museum of Natural History, Smithsonian Institution</organizationName><positionName>Deputy Director, Research Informatics Program</positionName>    <address>
<deliveryPoint>P.O. Box 37012, MRC 136</deliveryPoint><city>Washington</city><administrativeArea>DC</administrativeArea><postalCode>20013-7012</postalCode><country>UNITED_STATES</country>    </address>
<phone>202-633-2151</phone><electronicMailAddress>orrellt@si.edu</electronicMailAddress><onlineUrl>http://collections.nmnh.si.edu</onlineUrl>      <userId directory="http://orcid.org/">0000-0003-1038-3028</userId>
    </metadataProvider>
    <metadataProvider>
    <individualName>
          <surName>Informatics Office</surName>
    </individualName>
<organizationName>National Museum of Natural History, Smithsonian Institution</organizationName><positionName>IPT Administrator</positionName>    <address>
<deliveryPoint>P.O. Box 37012, MRC 136</deliveryPoint><city>Washington</city><administrativeArea>DC</administrativeArea><postalCode>20013-7012</postalCode><country>UNITED_STATES</country>    </address>
<phone>202-633-0850</phone><electronicMailAddress>informaticshelp@si.edu</electronicMailAddress><onlineUrl>http://collections.nmnh.si.edu</onlineUrl>    </metadataProvider>
    <associatedParty>
    <individualName>
<givenName>Holly</givenName>          <surName>Little</surName>
    </individualName>
<organizationName>Department of Paleobiology, NMNH, Smithsonian Institution</organizationName><positionName>Collections Management</positionName>    <address>
<deliveryPoint>P.O. Box 37012, MRC 121</deliveryPoint><city>Washington</city><administrativeArea>DC</administrativeArea><postalCode>20013-7012</postalCode><country>UNITED_STATES</country>    </address>
<phone>202-633-5340</phone><electronicMailAddress>littleh@si.edu</electronicMailAddress><onlineUrl>http://collections.nmnh.si.edu/search/paleo/</onlineUrl>    <role>POINT_OF_CONTACT</role>
    </associatedParty>
      <pubDate>
      2021-06-27
      </pubDate>
    <language>ENGLISH</language>
    <abstract>
        <para>Public records from the Department of Paleobiology, National Museum of Natural History, Smithsonian Institution. These data cover accessioned specimens representing fossil invertebrates, vertebrates, and plants from all over the world and include more than 139,000 paleobiological type specimen records.</para>
    </abstract>
        <keywordSet>
              <keyword>Occurrence</keyword>
              <keywordThesaurus>GBIF Dataset Type Vocabulary: http://rs.gbif.org/vocabulary/gbif/dataset_type.xml</keywordThesaurus>
        </keywordSet>
        <keywordSet>
              <keyword>Specimen</keyword>
              <keywordThesaurus>GBIF Dataset Subtype Vocabulary: http://rs.gbif.org/vocabulary/gbif/dataset_subtype.xml</keywordThesaurus>
        </keywordSet>
        <keywordSet>
              <keyword>Occurrence</keyword>
              <keywordThesaurus>GBIF Dataset Type Vocabulary: http://rs.gbif.org/vocabulary/gbif/dataset_type_2015-07-10.xml</keywordThesaurus>
        </keywordSet>
      <additionalInfo>
          <para>While every effort is made to provide accurate information, use of these databases is entirely at your own risk. The National Museum of Natural History makes no warranty, either express or implied, regarding the completeness, accuracy, or currency of the information in the databases or its suitability for any particular purpose. Where the use of this data is critical to scientific investigation, scholarly publication, or policy decisions, the user is responsible for verifying identities and provenance against specimens and other primary data sources.</para>
      </additionalInfo>
      <intellectualRights>
        <para>To the extent possible under law, the publisher has waived all rights to these data and has dedicated them to the <ulink url="http://creativecommons.org/publicdomain/zero/1.0/legalcode"><citetitle>Public Domain (CC0 1.0)</citetitle></ulink>. Users may copy, modify, distribute and use the work, including for commercial purposes, without restriction.</para>
      </intellectualRights>
      <distribution scope="document">
          <online>
              <url function="information">http://collections.nmnh.si.edu/search/paleo/</url>
          </online>
      </distribution>
      <coverage>
            <geographicCoverage>
                  <geographicDescription>Global collections, National Museum of Natural History (USNM), Smithsonian Institution</geographicDescription>
                  <boundingCoordinates>
                      <westBoundingCoordinate>-180</westBoundingCoordinate>
                      <eastBoundingCoordinate>180</eastBoundingCoordinate>
                      <northBoundingCoordinate>90</northBoundingCoordinate>
                      <southBoundingCoordinate>-90</southBoundingCoordinate>
                  </boundingCoordinates>
            </geographicCoverage>
              <taxonomicCoverage>
                    <taxonomicClassification>
                          <taxonRankName>Kingdom</taxonRankName>
                        <taxonRankValue>Animalia</taxonRankValue>
                          <commonName>Animals</commonName>
                    </taxonomicClassification>
                    <taxonomicClassification>
                          <taxonRankName>Kingdom</taxonRankName>
                        <taxonRankValue>Plantae</taxonRankValue>
                          <commonName>Plants</commonName>
                    </taxonomicClassification>
                    <taxonomicClassification>
                          <taxonRankName>Kingdom</taxonRankName>
                        <taxonRankValue>Protoctista</taxonRankValue>
                          <commonName>Protists</commonName>
                    </taxonomicClassification>
                    <taxonomicClassification>
                        <taxonRankValue>Bacteria</taxonRankValue>
                          <commonName>Bacteria</commonName>
                    </taxonomicClassification>
              </taxonomicCoverage>
      </coverage>
      <maintenance>
          <description>
              <para></para>
          </description>
          <maintenanceUpdateFrequency>monthly</maintenanceUpdateFrequency>
      </maintenance>
      <contact>
    <individualName>
<givenName>Thomas</givenName>          <surName>Orrell</surName>
    </individualName>
<organizationName>National Museum of Natural History, Smithsonian Institution</organizationName><positionName>Deputy Director, Research Informatics Program</positionName>    <address>
<deliveryPoint>P.O. Box 37012, MRC 136</deliveryPoint><city>Washington</city><administrativeArea>DC</administrativeArea><postalCode>20013-7012</postalCode><country>UNITED_STATES</country>    </address>
<phone>202-633-2151</phone><electronicMailAddress>orrellt@si.edu</electronicMailAddress><onlineUrl>http://collections.nmnh.si.edu</onlineUrl>      <userId directory="http://orcid.org/">0000-0003-1038-3028</userId>
      </contact>
      <contact>
    <individualName>
          <surName>Informatics Office</surName>
    </individualName>
<organizationName>National Museum of Natural History, Smithsonian Institution</organizationName><positionName>IPT Administrator</positionName>    <address>
<deliveryPoint>P.O. Box 37012, MRC 136</deliveryPoint><city>Washington</city><administrativeArea>DC</administrativeArea><postalCode>20013-7012</postalCode><country>UNITED_STATES</country>    </address>
<phone>202-633-0850</phone><electronicMailAddress>informaticshelp@si.edu</electronicMailAddress><onlineUrl>http://collections.nmnh.si.edu</onlineUrl>      </contact>

</dataset>

<additionalMetadata>
    <metadata>
      <gbif>
        <dateStamp>2021-07-19T20:27:14Z</dateStamp>
      <citation>Orrell T, Informatics Office (2021). NMNH Paleobiology Specimen Records. Version 1.42. National Museum of Natural History, Smithsonian Institution. Occurrence dataset https://doi.org/10.15468/7m0fvd accessed via GBIF.org on 2021-07-19.</citation>
              <resourceLogoUrl>http://collections.nmnh.si.edu/ipt/logo.do?r=nmnh_paleo_dwc-a</resourceLogoUrl>
              <formationPeriod>19th Century - current</formationPeriod>
      </gbif>
    </metadata>
</additionalMetadata>

</eml:eml>
