<?xml version="1.0" encoding="utf-8"?>
<eml:eml xmlns:eml="eml://ecoinformatics.org/eml-2.1.1" xmlns:xsi="http://www.w3.org/2001/XMLSchema-instance"
         xsi:schemaLocation="eml://ecoinformatics.org/eml-2.1.1 http://rs.gbif.org/schema/eml-gbif-profile/1.1/eml.xsd"
        packageId="e42c4be9-dc6d-466b-8df2-60ac8c47fadd"  system="http://gbif.org" scope="system"
  xml:lang="en">

<dataset>
      <alternateIdentifier>10.15468/zsgiog</alternateIdentifier>
        <alternateIdentifier>https://nansh.org/portal/collections/misc/collprofiles.php?collid=253</alternateIdentifier>
        <alternateIdentifier>http://nansh.org/portal/collections/misc/collprofiles.php?collid=253</alternateIdentifier>
    <title>University of Vermont, Pringle Herbarium</title>
    <creator>
<organizationName>North American Network of Small Herbaria</organizationName><electronicMailAddress>seinetadmin@asu.edu</electronicMailAddress><onlineUrl>https://nansh.org/portal/index.php</onlineUrl>    </creator>
    <metadataProvider>
<organizationName>North American Network of Small Herbaria</organizationName><electronicMailAddress>seinetadmin@asu.edu</electronicMailAddress><onlineUrl>https://nansh.org/portal/index.php</onlineUrl>    </metadataProvider>
    <associatedParty>
<electronicMailAddress>dbarring@uvm.edu</electronicMailAddress>    <role>CONTENT_PROVIDER</role>
    </associatedParty>
      <pubDate>
      2020-10-21
      </pubDate>
    <language>ENGLISH</language>
    <abstract>
        <para>The Pringle Herbarium (VT) serves systematic and floristics research both regionally and globally, with a geographic focus on Vermont and the New World tropics. Established in 1902, the collection holds over 350,000 sheets of mounted plants and fungi. It is the third largest herbarium in New England. Other digitization projects cover type specimens, North American bryophytes and lichens, macroalgae and macrofungi. These images and data are available through various other portals. The herbarium does not maintain its own online database.</para>
    </abstract>
      <intellectualRights>
        <para>This work is licensed under a <ulink url="http://creativecommons.org/licenses/by/4.0/legalcode"><citetitle>Creative Commons Attribution (CC-BY) 4.0 License</citetitle></ulink>.</para>
      </intellectualRights>
      <contact>
<organizationName>University of Vermont, Pringle Herbarium</organizationName><electronicMailAddress>dbarring@uvm.edu</electronicMailAddress><onlineUrl>http://www.uvm.edu/~plantbio/pringle/</onlineUrl>      </contact>

</dataset>

<additionalMetadata>
    <metadata>
      <gbif>
        <dateStamp>2021-07-19T20:27:12Z</dateStamp>
      <citation>The University of Vermont Pringle Herbarium (2020). University of Vermont, Pringle Herbarium. Occurrence dataset https://doi.org/10.15468/zsgiog accessed via GBIF.org on 2021-07-19.</citation>
      </gbif>
    </metadata>
</additionalMetadata>

</eml:eml>
